Nome completo do colaborador;Departamento/time;E-mail;ID do certificado;Tipo do certificado;Nome do certificado;Instituição emissora;Área de conhecimento;Data de conclusão;Data de vencimento (se aplicável);Carga horária (se aplicável);Modalidade do curso;Obrigatoriedade de certificado;Categoria do conhecimento obtido;Upload do certificado (arquivo);Observações (opcional)
Enzo Moraes;Atendimento ao cliente / Suporte;gcardoso@fernandes.org;31556e34-5363-4f38-b1de-963a57d81573;Treinamento Interno;A certeza de realizar seus sonhos naturalmente;Nunes Pereira S.A.;QA / Testes;2024-06-13;2026-06-02;12;Híbrido;Sim;DADO_INVALIDO;soluta.pdf;Ipsum amet exercitationem omnis amet voluptas ipsam.
Yasmin Azevedo;Jurídico;stella31@barbosa.br;28ed45ab-9134-488b-8207-da4512baa4f7;Certificação externa;O prazer de conseguir antes de tudo;Nogueira;Liderança;2024-07-25;;20;Presencial;Não;Normativo / Regulatórios;dignissimos.pdf;
Ana Carolina Sales;Design UX/UI;catarina11@pinto.br;dcc44fdd-783c-4246-8a1a-7ba2ecfaa86a;Treinamento Interno;A vantagem de evoluir antes de tudo;Aragão;Liderança;2024-06-04;;40;Presencial;Sim;Gestão / Liderança;vero.pdf;
Emanuel Moreira;Produtos;opires@da.net;0b52dce0-acdd-417c-a1e3-602fe7a1b123;Certificação externa;A segurança de ganhar com toda a tranquilidade;Ramos Ltda.;Automação de Processos / Arquitetura de Soluções;2024-10-24;2025-05-26;4;Presencial;Não;Normativo / Regulatórios;perspiciatis.pdf;Autem ducimus sapiente vel iure mollitia.
Srta. Marina Santos;Administrativo;bda-conceicao@silveira.org;571c9da3-08c2-4340-acfd-6e46a00788bd;Certificação externa;A segurança de mudar mais facilmente;Barbosa S.A.;Projetos / Scrum / Agile;2024-09-07;;80;Online gravado / EAD;Não;Técnica / Operacional;velit.pdf;
Maria Clara Duarte;Tecnologia da Informação (TI);rodriguesana@gmail.com;ca608c48-e412-4ad7-ae55-4bdc0c6c8eca;Treinamento Interno;A arte de atingir seus objetivos com força total;Santos - EI;Investimentos;2023-12-11;2026-02-06;20;Híbrido;Sim;Gestão / Liderança;porro.pdf;
Vinicius da Mata;Recursos Humanos (RH);luiz-gustavoporto@peixoto.net;8b9c3252-bf91-4845-ad2c-eea5a4ba513c;Certificação externa;A arte de avançar com toda a tranquilidade;da Costa;Operações Administrativas / Processos;2024-06-12;2026-03-12;20;Online ao vivo;Sim;Cultura e Valores da Empresa;iste.pdf;
Yuri Ribeiro;Vendas;da-conceicaomarcos-vinicius@bol.com.br;ae426750-2a83-4e99-9eb3-1f03e8500f15;Certificação externa;O conforto de inovar mais facilmente;Sales Fogaça S.A.;Infraestrutura de TI;2024-08-25;2026-10-19;4;Online ao vivo;Não;Cultura e Valores da Empresa;incidunt.pdf;
Isabella Barbosa;Design UX/UI;lucas-gabrielfarias@yahoo.com.br;fde048f3-6076-4729-9595-4a1451559f77;Certificação externa;A segurança de concretizar seus projetos sem preocupação;da Mata Novaes - EI;Investimentos;2023-06-05;2025-05-29;;Online ao vivo;Não;Normativo / Regulatórios;modi.pdf;
Davi Cavalcanti;Marketing;noahteixeira@da.com;a9ab46b5-f0b5-4032-98a9-838afb13c5a1;Certificação externa;A vantagem de realizar seus sonhos antes de tudo;Santos;Finanças / Contabilidade;2024-09-20;2026-01-17;12;Presencial;Sim;Técnica / Operacional;perspiciatis.pdf;
Dra. Olivia Barros;Compliance / Governança;brunaramos@hotmail.com;cf4f5d2e-1217-4f9e-b491-190f44b4a9d4;Treinamento Interno;A certeza de concretizar seus projetos em estado puro;Rocha da Rosa - EI;Automação de Processos / Arquitetura de Soluções;2024-05-24;2026-08-30;8;Online gravado / EAD;Não;Técnica / Operacional;voluptatibus.pdf;Maxime delectus quaerat voluptate.
Maria Julia Duarte;Compras;alicia93@rezende.org;138fb829-ea32-487d-a6b7-7b97441b55ef;Treinamento Interno;O direito de realizar seus sonhos em estado puro;Gonçalves;Liderança;2024-05-02;2025-09-07;;Presencial;Sim;Cultura e Valores da Empresa;repudiandae.pdf;
Ana Laura Silveira;Contabilidade;vitor-gabrielviana@silva.com;c6a0695e-303c-44f9-81b2-f056d434a675;Certificação externa;A arte de inovar de maneira eficaz;Correia;Atendimento ao Cliente;2024-10-21;2027-04-05;40;Online gravado / EAD;Sim;Técnica / Operacional;aspernatur.pdf;
Isabelly Cardoso;Design UX/UI;enzocastro@hotmail.com;ce85d7db-440b-4d0a-8b9d-710212140e97;Treinamento Interno;A simplicidade de conseguir mais facilmente;Duarte Pires S/A;Automação de Processos / Arquitetura de Soluções;2025-03-14;2027-09-21;;Híbrido;Sim;Cultura e Valores da Empresa;possimus.pdf;
Kevin Araújo;Design UX/UI;isabella03@monteiro.com;cd4e993a-a0b1-4707-831b-169956f861e4;Treinamento Interno;A liberdade de inovar sem preocupação;Silva - EI;Finanças / Contabilidade;2024-02-13;2025-08-26;8;Online gravado / EAD;Não;Cultura e Valores da Empresa;modi.pdf;Cumque ad praesentium blanditiis dicta quae modi.
Helena Aragão;Design UX/UI;wda-conceicao@hotmail.com;1eca6412-40ec-4870-9a0d-efe0d334928e;Certificação externa;A simplicidade de concretizar seus projetos direto da fonte;Caldeira S/A;Segurança da Informação;2024-08-30;;12;Híbrido;Sim;Normativo / Regulatórios;impedit.pdf;
Diogo Peixoto;Jurídico;camilada-mota@bol.com.br;0911a797-0b06-426a-9010-96e43c45e702;Treinamento Interno;O conforto de avançar de maneira eficaz;Barros;Segurança da Informação;2024-06-15;;4;Híbrido;Não;Técnica / Operacional;saepe.pdf;
Dra. Maria Clara Monteiro;Compras;rafael11@hotmail.com;6a332f82-584a-4bd8-a943-f95a442e260c;Treinamento Interno;A vantagem de mudar direto da fonte;Vieira S.A.;Finanças / Contabilidade;2024-02-12;2027-02-11;20;Online ao vivo;Sim;Cultura e Valores da Empresa;porro.pdf;
Gabriela Campos;Contabilidade;juliana80@rezende.org;29bec96b-dad9-42a8-a6db-109432e1afbe;Treinamento Interno;A arte de concretizar seus projetos em estado puro;Viana;Ciência de Dados / Analytics;2024-09-22;2025-07-06;80;Online gravado / EAD;Não;Técnica / Operacional;dolorum.pdf;
Lavínia da Costa;Atendimento ao cliente / Suporte;novaeskaique@bol.com.br;4dd97798-e9de-4f4e-b724-0c6ad7c105a5;Certificação externa;A arte de inovar com toda a tranquilidade;Correia;Infraestrutura de TI;2023-08-23;2026-04-27;12;Online gravado / EAD;Sim;Gestão / Liderança;ducimus.pdf;
Ana Laura Caldeira;Vendas;mouraisabel@ig.com.br;bb554744-c1e5-4e7e-b5de-019972393362;Treinamento Interno;A vantagem de realizar seus sonhos naturalmente;Alves;Operações Administrativas / Processos;2024-10-03;2027-03-06;40;Presencial;Não;Gestão / Liderança;DADO_INVALIDO;
João Guilherme Barros;Contabilidade;nogueiralais@souza.com;65f830d8-e10f-463f-b6b7-acb5275ce93d;Treinamento Interno;A segurança de inovar simplesmente;das Neves;Projetos / Scrum / Agile;2023-10-01;2025-10-01;40;Online ao vivo;Sim;Gestão / Liderança;reiciendis.pdf;
André da Mata;Financeiro;mendesnathan@ig.com.br;5e312ba8-552e-4e91-8565-a3e2674b5063;Certificação externa;A possibilidade de evoluir com toda a tranquilidade;da Rocha das Neves S/A;Gestão de Pessoas;2023-11-19;2026-05-03;4;Online gravado / EAD;Não;Gestão / Liderança;eveniet.pdf;
Lorenzo Moraes;Produtos;eloahfogaca@da.com;e73beb64-d2bc-4e74-b3fa-6dc5d9311753;Certificação externa;A possibilidade de conseguir com força total;Sales Cardoso S.A.;Ciência de Dados / Analytics;2023-05-08;2025-02-25;80;Online gravado / EAD;Sim;Cultura e Valores da Empresa;corrupti.pdf;
Ana Julia Gomes;Jurídico;camilafreitas@gmail.com;71839b3d-b986-4c8e-8e66-8be016c9b46a;Certificação externa;O conforto de avançar com toda a tranquilidade;Fogaça Martins e Filhos;Finanças / Contabilidade;2025-02-01;2027-08-11;40;Presencial;Sim;Técnica / Operacional;eveniet.pdf;
Sr. Paulo Correia;Design UX/UI;jsilva@moreira.net;1eeed837-dfb4-49fd-ac97-129b8b4c22ef;Treinamento Interno;O poder de atingir seus objetivos mais rapidamente;Ramos;Desenvolvimento de Software;2024-05-04;2026-10-03;8;Online gravado / EAD;Não;Técnica / Operacional;dolore.pdf;Ea veritatis nobis veritatis ea deleniti.
Dra. Agatha Azevedo;Tecnologia da Informação (TI);pfernandes@hotmail.com;54324ad4-28b5-4356-8c22-c6ca1d762e86;Certificação externa;O direito de ganhar sem preocupação;da Rosa;Comercial / Relacionamentos;2024-06-16;2027-06-16;8;Online ao vivo;Não;Normativo / Regulatórios;consectetur.pdf;
Nina Araújo;Vendas;brunapeixoto@melo.net;797c1a32-e3a3-47bd-bb6c-0eac1342b482;Treinamento Interno;A segurança de inovar de maneira eficaz;Aragão;Marketing / Brandig;2023-10-10;2025-06-14;8;Online gravado / EAD;Não;Normativo / Regulatórios;suscipit.pdf;
Ana Vitória Aragão;Compras;oaragao@hotmail.com;8b334bac-7377-4d92-94fd-eda22c7c620c;Certificação externa;A segurança de mudar sem preocupação;Azevedo;Desenvolvimento de Software;2024-10-25;;8;Presencial;Sim;Técnica / Operacional;doloremque.pdf;
Larissa Viana;Design UX/UI;gustavo-henrique37@hotmail.com;c5e1ec20-457e-4dab-8cbb-af06eb1ffb9f;Certificação externa;A arte de mudar direto da fonte;Silva - ME;Comercial / Relacionamentos;2023-10-09;;;Online ao vivo;Não;Cultura e Valores da Empresa;inventore.pdf;Sed veniam mollitia quidem voluptas omnis quos.
Evelyn Fogaça;Administrativo;souzaisabella@cardoso.com;a7143d2a-eb2d-431f-b109-8a7a3cad1247;Treinamento Interno;A possibilidade de ganhar direto da fonte;Monteiro Santos S.A.;LGPD / Compliance;2024-10-04;;4;Presencial;Não;Técnica / Operacional;dolor.pdf;
Caio Martins;Compras;andre52@gmail.com;835cae49-2c92-4288-864a-731fc7a65e84;Treinamento Interno;O direito de evoluir com toda a tranquilidade;Viana Almeida e Filhos;Gestão de Pessoas;2024-11-19;2027-07-06;12;Presencial;Sim;Técnica / Operacional;autem.pdf;
Pietro Almeida;Marketing;ocunha@uol.com.br;dad17234-d656-4e2d-871d-6b90d1cd6991;Treinamento Interno;A liberdade de mudar direto da fonte;Aragão;LGPD / Compliance;2024-08-04;2025-12-22;40;Online gravado / EAD;Não;Gestão / Liderança;necessitatibus.pdf;Expedita fuga voluptas accusamus sequi.
Sophia Gonçalves;Marketing;clarafernandes@novaes.org;c391a53a-6e66-4177-b9bc-c9729b925a57;Certificação externa;A simplicidade de mudar mais facilmente;da Conceição Ltda.;Compras / Suprimentos;2024-10-25;2025-08-18;;Presencial;Não;Normativo / Regulatórios;quisquam.pdf;
Francisco Moura;Financeiro;fariasmariane@cavalcanti.net;64074723-d9fa-4224-b7ba-fb17c283f007;Treinamento Interno;A segurança de atingir seus objetivos em estado puro;Campos;Investimentos;2023-08-19;2025-01-23;8;Híbrido;Não;Técnica / Operacional;commodi.pdf;Expedita occaecati consectetur doloribus.
Carlos Eduardo Oliveira;Financeiro;rodriguesrodrigo@sales.br;66d2d9d6-d351-4cc6-b86f-c7abfb0d8b16;Treinamento Interno;O conforto de realizar seus sonhos de maneira eficaz;Costa Moraes S/A;Compras / Suprimentos;2024-05-01;2025-09-29;;Presencial;Não;Técnica / Operacional;recusandae.pdf;
Danilo da Mota;Tecnologia da Informação (TI);julianafarias@moreira.br;dff0a93c-23db-4fdb-a267-1f84b6d66a13;Treinamento Interno;A segurança de conseguir com força total;Nascimento - ME;Atendimento ao Cliente;2024-02-29;2025-10-27;;Online gravado / EAD;Não;Cultura e Valores da Empresa;quod.pdf;
João Felipe Souza;Compliance / Governança;ana-liviasouza@ig.com.br;ed3fca43-ed07-4d77-b16f-f59cefa9089e;Certificação externa;O direito de ganhar com confiança;Silveira Rocha Ltda.;Compras / Suprimentos;2024-12-18;2026-07-28;8;Presencial;Não;Cultura e Valores da Empresa;facilis.pdf;
Arthur Rezende;Produtos;lopesbenicio@porto.net;c86ef6fd-d129-49fa-aac3-9807cb846411;Certificação externa;A simplicidade de concretizar seus projetos com confiança;Freitas Jesus e Filhos;Infraestrutura de TI;2023-04-29;;;Híbrido;Não;Cultura e Valores da Empresa;nostrum.pdf;
Sr. Ian das Neves;Vendas;juan69@bol.com.br;4faab9cb-b9f2-450a-a9b8-22bc25c7f901;Certificação externa;A vantagem de conseguir com força total;Pereira Peixoto S/A;Infraestrutura de TI;2024-12-21;;12;Presencial;Sim;Gestão / Liderança;aperiam.pdf;
Breno da Mata;Atendimento ao cliente / Suporte;miguelda-cunha@uol.com.br;331af246-8e4e-4dae-8b55-e1bf4b89b0e9;Treinamento Interno;A segurança de evoluir com toda a tranquilidade;Araújo Ltda.;Ciência de Dados / Analytics;2025-01-19;2027-08-04;;Online gravado / EAD;DADO_INVALIDO;Técnica / Operacional;unde.pdf;
Sofia Melo;Marketing;goncalvesrenan@freitas.com;25435202-4050-42a1-bf3a-5dc9f37cbea6;Treinamento Interno;A possibilidade de realizar seus sonhos de maneira eficaz;da Rosa;Liderança;2024-02-20;2026-04-01;4;Online gravado / EAD;Sim;Normativo / Regulatórios;placeat.pdf;
Sarah Martins;Financeiro;otavio98@uol.com.br;c9396e58-6c24-4892-8e19-77632530c861;Certificação externa;A certeza de concretizar seus projetos mais facilmente;Silva;Compras / Suprimentos;2024-02-03;2024-08-16;12;Presencial;Não;Cultura e Valores da Empresa;recusandae.pdf;
Beatriz Cardoso;Financeiro;dteixeira@gmail.com;8b5296e1-fae7-47e4-b0ce-ba2316064781;Certificação externa;A segurança de conseguir direto da fonte;Vieira - ME;Projetos / Scrum / Agile;2023-06-10;2025-07-26;8;Híbrido;Não;Gestão / Liderança;sunt.pdf;
Lara Rezende;Contabilidade;giovannasilva@da.br;06887066-e2e7-4093-90ae-4a97b1ab4bb2;Treinamento Interno;A certeza de realizar seus sonhos simplesmente;Cardoso da Mata Ltda.;Desenvolvimento de Software;2024-04-28;2026-09-14;80;Presencial;Sim;Cultura e Valores da Empresa;quaerat.pdf;
Marina Farias;Tecnologia da Informação (TI);caue60@bol.com.br;43f8479f-8651-4267-a7c8-5933b8de814e;Treinamento Interno;O poder de concretizar seus projetos sem preocupação;Porto;Marketing / Brandig;2023-10-18;2025-01-14;8;Híbrido;Sim;Técnica / Operacional;laudantium.pdf;
Vitor Aragão;Design UX/UI;ferreiraandre@gmail.com;07545dae-25c8-4f40-a540-492dc24cf84e;Certificação externa;O direito de atingir seus objetivos mais facilmente;Ribeiro;Design / UX e UI;2024-10-07;;;Online gravado / EAD;Sim;Técnica / Operacional;voluptatibus.pdf;
Dra. Lavínia da Luz;Vendas;barrosjulia@ig.com.br;f32c6e8b-d591-4073-ba48-6c49cc376189;Certificação externa;A liberdade de evoluir com força total;Porto;Ciência de Dados / Analytics;2023-06-11;;80;Híbrido;Não;Técnica / Operacional;quis.pdf;
Felipe Farias;Design UX/UI;da-costaalicia@da.br;9b6b4283-4839-49c6-9a46-eccba2c90476;Certificação externa;A vantagem de inovar direto da fonte;Sales S.A.;Saúde / Bem-estar no trabalho;2024-04-13;2026-05-27;20;Online gravado / EAD;Não;Técnica / Operacional;sapiente.pdf;
Srta. Alícia Monteiro;Jurídico;novaesagatha@melo.com;508d81ae-eb35-40aa-9588-7bee1a6c470d;Certificação externa;O conforto de ganhar com força total;da Cunha;Finanças / Contabilidade;2025-04-07;;40;Presencial;Não;Cultura e Valores da Empresa;facilis.pdf;
Fernanda da Mata;Marketing;maysa40@bol.com.br;52742e43-de71-4a12-85bf-7ce8a4c53a4a;Treinamento Interno;O prazer de realizar seus sonhos com toda a tranquilidade;Gomes e Filhos;Atendimento ao Cliente;2024-02-29;2025-05-12;8;Híbrido;Não;Cultura e Valores da Empresa;deserunt.pdf;
Ana Lívia Peixoto;Financeiro;das-nevesjoao-vitor@uol.com.br;00ae31d2-bf3a-4ac2-809c-c75eaa6f0885;Certificação externa;O direito de mudar antes de tudo;Nascimento;Finanças / Contabilidade;2023-10-03;;8;Online gravado / EAD;Sim;Cultura e Valores da Empresa;fugit.pdf;
Dr. João Lucas Aragão;Atendimento ao cliente / Suporte;ana-vitoria97@uol.com.br;2876a266-8fbb-4cd9-b341-c164ddcc5b68;Certificação externa;A liberdade de atingir seus objetivos naturalmente;Porto;Atendimento ao Cliente;2024-09-15;2027-06-08;40;Online ao vivo;Não;Técnica / Operacional;quisquam.pdf;A illum quod illo consectetur vero quisquam.
Eloah Monteiro;Recursos Humanos (RH);maria-sophiacosta@cunha.br;8c74d4eb-7634-49df-ad17-407e2bb57b1e;Treinamento Interno;O prazer de evoluir antes de tudo;Monteiro Ltda.;Atendimento ao Cliente;2024-02-26;2025-04-29;;Online gravado / EAD;Não;Normativo / Regulatórios;cumque.pdf;
João Vitor da Rosa;Financeiro;vitor-gabriel18@da.br;9e2010ac-080f-4406-9069-4b4bd19e514f;Certificação externa;A simplicidade de mudar direto da fonte;Barbosa da Cunha - ME;Design / UX e UI;2023-10-27;;;Online ao vivo;Sim;Cultura e Valores da Empresa;sapiente.pdf;
Srta. Ana Clara Nascimento;Produtos;davi-lucas91@uol.com.br;e410a9a4-fa39-4ce7-a3d1-29b49dcad084;Certificação externa;A simplicidade de conseguir naturalmente;Vieira;Liderança;2025-02-19;;8;Híbrido;Sim;Cultura e Valores da Empresa;reiciendis.pdf;
Dr. Benjamin Santos;Financeiro;csantos@bol.com.br;f3d93bc8-61c9-4d00-8d6d-fc34d7ac3833;Certificação externa;O direito de atingir seus objetivos em estado puro;Farias;Ciência de Dados / Analytics;2023-11-05;2025-03-08;12;Presencial;Sim;Técnica / Operacional;maxime.pdf;
João Lucas Duarte;Financeiro;levimonteiro@gmail.com;e5854d57-f8aa-4ef3-809a-ef237b6e449d;Treinamento Interno;A possibilidade de atingir seus objetivos simplesmente;Moura e Filhos;Liderança;2023-04-28;2025-11-18;40;Online gravado / EAD;Sim;Técnica / Operacional;unde.pdf;
Theo da Paz;Vendas;amandada-cunha@duarte.org;6250441c-8259-47fa-92fe-37f46762e0e0;Certificação externa;A possibilidade de realizar seus sonhos direto da fonte;Viana;Finanças / Contabilidade;2024-07-12;2025-09-24;8;Híbrido;Não;Cultura e Valores da Empresa;quas.pdf;
Stephany Cardoso;Administrativo;wda-rosa@yahoo.com.br;a0444816-999b-41d7-b5ba-1023677225f4;Certificação externa;A liberdade de atingir seus objetivos antes de tudo;Correia Sales S.A.;QA / Testes;2023-10-10;2026-09-30;4;Online gravado / EAD;Não;Normativo / Regulatórios;sunt.pdf;
Milena Farias;Vendas;maria-vitoria61@gmail.com;DADO_INVALIDO;Certificação externa;O poder de inovar em estado puro;Fogaça S.A.;Projetos / Scrum / Agile;2024-05-16;;4;Online ao vivo;Sim;Gestão / Liderança;repudiandae.pdf;
Renan Teixeira;Jurídico;pedro-henrique03@da.org;dbf442bb-3ea9-4ff4-8b3d-77e57eba609c;Certificação externa;O prazer de atingir seus objetivos com toda a tranquilidade;Rezende;Comercial / Relacionamentos;2024-06-06;2025-11-16;8;Online gravado / EAD;Não;Normativo / Regulatórios;quas.pdf;
Maria Eduarda da Mata;Vendas;ana-clara75@ferreira.org;d6e06d40-d616-4d97-9dbb-5d7af6bf36d2;Certificação externa;O conforto de atingir seus objetivos antes de tudo;Viana S/A;Automação de Processos / Arquitetura de Soluções;2024-07-10;;4;Presencial;Não;Gestão / Liderança;necessitatibus.pdf;
Maysa Moura;Compras;eduarda05@goncalves.com;cab5c838-bb70-49c1-870f-fbe38f17ea27;Treinamento Interno;O direito de evoluir em estado puro;Rezende;Automação de Processos / Arquitetura de Soluções;2024-06-17;2027-03-13;20;Online ao vivo;Não;Normativo / Regulatórios;cupiditate.pdf;Provident magnam earum incidunt similique.
Miguel da Mota;Recursos Humanos (RH);saleslorenzo@hotmail.com;6bad3356-b17c-4f02-8e7f-feb01adcf9ac;Certificação externa;A liberdade de realizar seus sonhos simplesmente;Teixeira;Finanças / Contabilidade;2023-04-27;;20;Presencial;Não;Técnica / Operacional;ipsam.pdf;Ipsa libero magni hic quaerat eveniet.
Ana Clara Pereira;Financeiro;isabel40@bol.com.br;bba850f0-4b91-4cea-9aa9-9371598acba7;Treinamento Interno;O direito de mudar em estado puro;Vieira - ME;Comercial / Relacionamentos;2023-06-24;2025-07-28;40;Híbrido;Sim;Cultura e Valores da Empresa;temporibus.pdf;
Dr. Samuel Barbosa;Compliance / Governança;araujokaique@hotmail.com;8ec748d1-38e5-4b3a-b289-e7bcf078200a;Certificação externa;O prazer de inovar mais rapidamente;Souza Ramos e Filhos;Saúde / Bem-estar no trabalho;2025-01-05;2025-10-03;8;Online ao vivo;Não;Cultura e Valores da Empresa;numquam.pdf;
Mariana da Cunha;Contabilidade;matheusgomes@hotmail.com;2f05577f-a909-4bfe-860d-4dad49222247;Certificação externa;A possibilidade de conseguir mais rapidamente;Jesus - EI;Compras / Suprimentos;2023-08-29;;20;Online gravado / EAD;Não;Cultura e Valores da Empresa;quibusdam.pdf;
Maysa Nascimento;Contabilidade;stella92@ferreira.br;77b618cc-df73-4513-8008-5de53853f9d9;Treinamento Interno;O conforto de conseguir simplesmente;Martins;Automação de Processos / Arquitetura de Soluções;2024-08-15;;20;Online ao vivo;Sim;Técnica / Operacional;laudantium.pdf;Necessitatibus aut ratione.
Eloah da Mota;Contabilidade;rda-mota@silveira.com;af89be8a-3c44-402c-869e-499da94343a3;Treinamento Interno;A arte de mudar mais facilmente;da Cruz;Comercial / Relacionamentos;2024-06-15;;80;Online ao vivo;Não;Cultura e Valores da Empresa;officia.pdf;
Thales Lopes;Produtos;biancada-mota@hotmail.com;39ea3b8d-dbcc-4ff7-b6a5-0b2d55ae0ed2;Treinamento Interno;A simplicidade de atingir seus objetivos direto da fonte;Moraes;QA / Testes;2024-02-01;2026-10-19;;Presencial;Sim;Normativo / Regulatórios;veritatis.pdf;
Erick Nunes;Produtos;nogueiramarina@teixeira.net;c554a1a8-a8bd-4d62-b967-30d0ab976c68;Treinamento Interno;A segurança de conseguir em estado puro;da Paz;Compras / Suprimentos;2023-09-15;2025-09-28;8;Online gravado / EAD;Não;Cultura e Valores da Empresa;laboriosam.pdf;Repellat minima mollitia atque repellat dolorum.
Sr. Raul Duarte;Jurídico;qvieira@correia.br;f0a560f9-69dc-4dd1-ba97-fe66c6ada6ea;Certificação externa;O direito de avançar mais rapidamente;Araújo Ltda.;Projetos / Scrum / Agile;2024-03-30;;8;Online ao vivo;Sim;Técnica / Operacional;veritatis.pdf;
Sra. Caroline Lima;Marketing;urocha@ig.com.br;1b1c751f-6dcd-4231-89ad-78eed725d7aa;Treinamento Interno;A arte de mudar sem preocupação;Nascimento Martins S.A.;Desenvolvimento de Software;2024-02-14;;80;Online ao vivo;Não;Cultura e Valores da Empresa;minima.pdf;
Srta. Lara Moraes;Produtos;kamillypires@vieira.br;567a75dc-3a43-41dc-a74e-e726ec985459;Certificação externa;A simplicidade de concretizar seus projetos de maneira eficaz;Costela e Filhos;Gestão de Pessoas;2023-07-21;2024-03-09;80;Presencial;Sim;Normativo / Regulatórios;non.pdf;
Luiz Gustavo Souza;Design UX/UI;costelagabriel@hotmail.com;9ab0d2db-762d-4f50-9805-dc529c20f344;Certificação externa;A liberdade de mudar com força total;Melo;Ciência de Dados / Analytics;2024-06-29;2026-01-08;4;Online gravado / EAD;Sim;Técnica / Operacional;sint.pdf;
Helena Costa;Contabilidade;joao-felipefogaca@gmail.com;1f71dfcf-f909-459a-b6e3-a84b59f3736a;Treinamento Interno;O prazer de atingir seus objetivos mais rapidamente;Rezende;Ciência de Dados / Analytics;2023-06-23;2025-12-01;4;Híbrido;Sim;Cultura e Valores da Empresa;distinctio.pdf;
Alexandre Gonçalves;Marketing;miguel27@uol.com.br;09b99dd0-3e97-450c-b1c5-feeeedd1aa49;Treinamento Interno;O direito de concretizar seus projetos direto da fonte;Santos;Liderança;2024-03-22;2026-02-15;;Online gravado / EAD;Não;Cultura e Valores da Empresa;ex.pdf;Porro amet officia assumenda ducimus nesciunt.
Davi Lucas Teixeira;Contabilidade;pintovitor-gabriel@ig.com.br;0ea18bcb-9b56-42ad-af63-f22c7ec350e9;Certificação externa;O prazer de evoluir simplesmente;Moraes S/A;Comercial / Relacionamentos;2024-02-22;;40;Híbrido;Sim;Normativo / Regulatórios;a.pdf;Libero saepe repellendus quae porro sunt.
Mirella Nogueira;Tecnologia da Informação (TI);eporto@hotmail.com;5bad5d65-1e2d-40ee-b980-ca0e7292b6ab;Treinamento Interno;O direito de realizar seus sonhos de maneira eficaz;Cardoso Fernandes S.A.;Saúde / Bem-estar no trabalho;2024-11-18;2025-09-28;4;Híbrido;Não;Cultura e Valores da Empresa;numquam.pdf;Nemo voluptatibus quasi magni consectetur officiis beatae ipsa.
Bernardo Gonçalves;Compras;DADO_INVALIDO;6b725e55-b437-4bfb-8d94-bc299bb00b94;Certificação externa;A vantagem de concretizar seus projetos mais facilmente;Pinto;Atendimento ao Cliente;2024-03-01;2026-11-17;;Presencial;Sim;Normativo / Regulatórios;ut.pdf;Nobis mollitia rem excepturi voluptate doloribus occaecati.
Ana Lívia Pereira;Compliance / Governança;fogacamiguel@gmail.com;af70b63e-482b-4b5e-bc5a-827b84270754;Treinamento Interno;A possibilidade de ganhar em estado puro;Santos S/A;Desenvolvimento de Software;2024-04-21;2025-05-14;80;Online ao vivo;Sim;Gestão / Liderança;similique.pdf;Quo assumenda doloribus nulla.
Yasmin da Costa;Administrativo;davi-lucas80@rodrigues.org;4081a2e4-2352-45e2-8499-31ef555e42e6;Certificação externa;A vantagem de evoluir mais rapidamente;Costa;QA / Testes;2024-07-02;2026-01-19;20;Online ao vivo;Sim;Cultura e Valores da Empresa;dolorem.pdf;
Sr. Enzo Gabriel Monteiro;Administrativo;ana-clarada-costa@gmail.com;f50d7eb7-774e-46e7-be46-729cadd6ddd1;Certificação externa;A arte de ganhar de maneira eficaz;Costela das Neves e Filhos;Atendimento ao Cliente;2024-09-09;;40;Híbrido;Não;Técnica / Operacional;assumenda.pdf;
Marcela Jesus;Design UX/UI;saraharagao@viana.com;33bcbb9b-f42d-4496-b77f-b14e9db46da0;Certificação externa;A possibilidade de concretizar seus projetos direto da fonte;Cunha;Compras / Suprimentos;2025-01-24;2026-08-10;80;Presencial;Não;Cultura e Valores da Empresa;explicabo.pdf;
Anthony Ramos;Recursos Humanos (RH);gustavo-henriqueteixeira@cardoso.br;ce8a93bd-80a0-43ba-a7b9-689d24b9e867;Certificação externa;A possibilidade de atingir seus objetivos sem preocupação;da Mata;Desenvolvimento de Software;2024-11-10;;40;Presencial;Não;Técnica / Operacional;quia.pdf;
Luiz Otávio Cunha;Produtos;portohelena@ig.com.br;c54aa8ad-ccb3-4054-8cba-9a5ad962824b;Certificação externa;A simplicidade de concretizar seus projetos com confiança;Araújo;QA / Testes;2024-08-27;2027-03-08;;Online gravado / EAD;Não;Normativo / Regulatórios;mollitia.pdf;
Maria Fernanda Gonçalves;Compras;felipe48@gmail.com;5eb694ca-5a83-4b5b-889b-54e297092ea6;Treinamento Interno;A segurança de concretizar seus projetos mais rapidamente;Farias;Operações Administrativas / Processos;2025-03-02;2027-10-12;8;Online gravado / EAD;Sim;Técnica / Operacional;impedit.pdf;
Valentina Farias;Compras;rochabreno@das.com;f9d3cf3a-7bb2-45a4-848b-e7d2924f574a;Treinamento Interno;O conforto de atingir seus objetivos com toda a tranquilidade;Rezende Almeida S/A;Desenvolvimento de Software;2023-05-29;2024-01-04;8;Híbrido;Não;Normativo / Regulatórios;ex.pdf;
Maria Cecília Dias;Design UX/UI;alvesluiz-fernando@lima.br;c8b57fd8-3b71-496f-a239-db60e4c186a8;Treinamento Interno;A vantagem de realizar seus sonhos antes de tudo;da Mota;LGPD / Compliance;2024-07-21;;8;Híbrido;Não;Técnica / Operacional;esse.pdf;
Ana Laura Sales;Financeiro;laisnascimento@uol.com.br;18544ff3-a2a3-4960-980d-e5481b598b68;Treinamento Interno;O conforto de mudar mais facilmente;da Mata Ltda.;Desenvolvimento de Software;2024-07-12;2026-05-13;40;Híbrido;Sim;Gestão / Liderança;repellendus.pdf;
Srta. Helena Souza;Compliance / Governança;gcosta@hotmail.com;2df13d79-a911-444a-8e00-b8a0d9f05aca;Treinamento Interno;A vantagem de realizar seus sonhos com força total;Duarte - ME;Ciência de Dados / Analytics;2025-04-02;2027-01-09;20;Presencial;Não;Normativo / Regulatórios;autem.pdf;
Melissa Gonçalves;Recursos Humanos (RH);alicesilveira@bol.com.br;81c1eee8-9b94-4d66-936c-5ce069a8fb70;Treinamento Interno;A certeza de mudar simplesmente;Porto;Compras / Suprimentos;2023-07-19;2025-09-23;40;Online ao vivo;Sim;Cultura e Valores da Empresa;esse.pdf;
Nicole Viana;Recursos Humanos (RH);pedro-henrique84@fernandes.br;1ed6594b-b6fa-4654-af93-828cc0cb1518;Certificação externa;A simplicidade de avançar mais facilmente;Azevedo;Ciência de Dados / Analytics;2023-12-13;;;Online ao vivo;Não;Normativo / Regulatórios;consequuntur.pdf;
Benício Araújo;Recursos Humanos (RH);almeidarenan@da.net;c316de28-bb88-4cc3-9f30-57e81a022b0d;Certificação externa;A liberdade de realizar seus sonhos naturalmente;da Costa;Investimentos;2025-01-15;2026-07-31;4;Online gravado / EAD;Não;Normativo / Regulatórios;accusantium.pdf;
Lara Freitas;Marketing;yfreitas@costa.br;80617453-796d-4e36-a2bc-5ba24ffeb3c3;Certificação externa;A simplicidade de ganhar mais facilmente;Moreira S/A;Segurança da Informação;2023-06-07;2024-07-28;;Híbrido;Não;Cultura e Valores da Empresa;tenetur.pdf;
Bruna Nascimento;Administrativo;lavinia21@da.br;b18972cc-96c8-49d9-b4d1-3fcf67f71f5f;Treinamento Interno;A arte de avançar direto da fonte;Araújo;Segurança da Informação;2024-08-24;2026-07-16;40;Online ao vivo;Não;Técnica / Operacional;nostrum.pdf;Nam non exercitationem pariatur.
Amanda Pires;Administrativo;ggoncalves@da.com;23d26d4b-7fb6-4082-843c-0d019280ed37;Treinamento Interno;O poder de ganhar sem preocupação;Moraes S/A;Investimentos;2024-06-20;2027-01-04;4;Híbrido;Não;Normativo / Regulatórios;consequatur.pdf;
Maria Luiza Carvalho;Design UX/UI;joaopires@bol.com.br;6ab1216c-f930-4c40-b1de-3f4414b5b753;Certificação externa;A segurança de conseguir naturalmente;Sales Ltda.;Segurança da Informação;2024-10-22;;8;Online gravado / EAD;Não;Normativo / Regulatórios;praesentium.pdf;
Luana Lima;Recursos Humanos (RH);marcelarocha@ig.com.br;18654428-e9cc-46b6-98aa-829214a23970;Treinamento Interno;O prazer de inovar antes de tudo;Costa;Comercial / Relacionamentos;2023-08-30;2026-05-14;;Online ao vivo;Não;Gestão / Liderança;illum.pdf;
Lucca Barbosa;Tecnologia da Informação (TI);julianamonteiro@ig.com.br;e6c2c87e-0c6b-4d11-add0-dccebb3de2c9;Certificação externa;DADO_INVALIDO;Viana;Ciência de Dados / Analytics;2023-09-21;2024-11-25;4;Presencial;Não;Cultura e Valores da Empresa;eius.pdf;
Vicente Viana;Compras;aferreira@campos.net;0bd08e89-25a6-4fea-bc09-5eb916cfc198;Treinamento Interno;O prazer de inovar mais facilmente;Nascimento;LGPD / Compliance;2023-09-07;;4;Online ao vivo;Sim;Normativo / Regulatórios;soluta.pdf;
Luana da Costa;Financeiro;idias@da.net;6ce59309-0002-459a-ab1a-10c3a56dbdf2;Certificação externa;A segurança de evoluir antes de tudo;Moraes;Compras / Suprimentos;2024-10-26;2026-01-22;20;Presencial;Sim;Técnica / Operacional;occaecati.pdf;
Sra. Rebeca Silveira;Produtos;camposanthony@yahoo.com.br;2f657fbb-51aa-4031-b63b-558720c10401;Certificação externa;A simplicidade de mudar naturalmente;Nascimento;Ciência de Dados / Analytics;2024-08-16;2027-02-09;40;Online gravado / EAD;Sim;Gestão / Liderança;nemo.pdf;
Ana Luiza Porto;Compliance / Governança;gomesvitoria@bol.com.br;bc1e3cd9-9db5-46cc-bf3c-ea4f44085b92;Treinamento Interno;A liberdade de mudar naturalmente;da Cruz;Projetos / Scrum / Agile;2023-04-15;2023-12-06;80;Online ao vivo;Não;Normativo / Regulatórios;tempora.pdf;Dolore sunt itaque sit ullam.
Kevin Carvalho;Tecnologia da Informação (TI);sophiacostela@bol.com.br;ae064dd7-ef20-4592-82c6-7ab899b42172;Certificação externa;A certeza de conseguir sem preocupação;Alves;Operações Administrativas / Processos;2023-05-05;2024-02-11;4;Online ao vivo;Sim;Cultura e Valores da Empresa;deleniti.pdf;Hic quis maxime nisi nisi culpa ipsa.
Kaique Mendes;Design UX/UI;rodrigoda-conceicao@gomes.br;75d42046-2b9d-4a08-b709-3a35996d86e8;Certificação externa;A liberdade de inovar antes de tudo;Alves e Filhos;Projetos / Scrum / Agile;2025-02-05;2026-08-11;;Presencial;Não;Cultura e Valores da Empresa;atque.pdf;
Rafael Rezende;Administrativo;joao-lucas69@uol.com.br;efcf7d87-2f1d-44f1-82bc-ee31cd4deb8b;Treinamento Interno;A liberdade de evoluir mais rapidamente;Barbosa - EI;Projetos / Scrum / Agile;2023-05-11;;40;Híbrido;Sim;Cultura e Valores da Empresa;illum.pdf;
Stephany Rocha;Produtos;freitashelena@da.com;b0efdfd4-6165-4f29-baac-b03c92dc1a86;Treinamento Interno;O conforto de mudar antes de tudo;Campos;Infraestrutura de TI;2024-10-27;;12;Presencial;Sim;Cultura e Valores da Empresa;doloribus.pdf;Vero aspernatur repellat quis veritatis deleniti quibusdam accusamus.
Yasmin Souza;Administrativo;dviana@rodrigues.org;abea3bd2-24fb-435d-8c24-6a535bbe537f;Treinamento Interno;O poder de mudar simplesmente;Melo;LGPD / Compliance;2023-10-29;2025-05-25;12;Presencial;Sim;Normativo / Regulatórios;ullam.pdf;Sunt eius fugit officia illo facere.
Fernanda Monteiro;Tecnologia da Informação (TI);gabriela33@rocha.br;2efa273f-ed5a-42d0-9d17-7851e68542db;Treinamento Interno;A certeza de ganhar sem preocupação;da Rosa;Finanças / Contabilidade;2025-03-12;;12;Presencial;Não;Cultura e Valores da Empresa;perferendis.pdf;
Heloísa da Rocha;Vendas;da-costacamila@uol.com.br;7d8c8266-678d-451b-bd3d-11e01acb2a12;Treinamento Interno;A possibilidade de atingir seus objetivos de maneira eficaz;da Luz Lima - ME;Infraestrutura de TI;2023-10-21;2024-04-26;20;Online gravado / EAD;Não;Cultura e Valores da Empresa;officia.pdf;
Lucas da Costa;Compliance / Governança;milenada-paz@ig.com.br;b3d5229a-cc50-44fc-acb7-bf76e5f765e0;Certificação externa;A liberdade de inovar de maneira eficaz;da Cruz;Gestão de Pessoas;2025-01-26;2027-05-18;20;Presencial;Sim;Técnica / Operacional;placeat.pdf;
Benjamin Castro;Compliance / Governança;fernandeselisa@vieira.com;6e9afe9b-0d58-41c5-a0a0-61ba67887166;Certificação externa;O direito de inovar naturalmente;Silveira da Mota S.A.;Investimentos;2023-09-12;2025-09-02;80;Presencial;Não;Normativo / Regulatórios;accusantium.pdf;
Bruna da Paz;Financeiro;oliveiraguilherme@bol.com.br;b90a786f-320d-42ec-b4f9-e7236e906aee;Certificação externa;A simplicidade de ganhar de maneira eficaz;Monteiro;Marketing / Brandig;2024-08-16;;8;Online ao vivo;Sim;Gestão / Liderança;libero.pdf;
Evelyn Pires;Administrativo;vazevedo@hotmail.com;8f2e98bf-1fa9-4101-b01e-b480863fed45;Treinamento Interno;O conforto de avançar naturalmente;Cavalcanti - ME;Comercial / Relacionamentos;2024-12-18;2026-07-27;8;Presencial;Sim;Técnica / Operacional;vitae.pdf;Eligendi est et animi omnis nesciunt cupiditate.
Rebeca Pires;Compliance / Governança;umoraes@ramos.com;c44d7b3c-a5cf-4752-824c-11d88779b059;Treinamento Interno;A simplicidade de atingir seus objetivos direto da fonte;Carvalho Mendes e Filhos;QA / Testes;2024-02-10;2026-05-14;8;Presencial;Não;Técnica / Operacional;cumque.pdf;
Benício Duarte;Atendimento ao cliente / Suporte;cunhaeduarda@cavalcanti.br;85844649-06bf-400a-bd32-48f2c195e4fe;Treinamento Interno;A possibilidade de atingir seus objetivos mais facilmente;Mendes;Comercial / Relacionamentos;2024-04-10;2024-12-04;80;Presencial;Sim;Cultura e Valores da Empresa;sit.pdf;Totam a dolor amet quo vitae pariatur.
Lucas Vieira;Financeiro;goncalvesmaria-luiza@castro.br;d9e7c895-6ba2-436b-98a1-8305733b63a0;Treinamento Interno;O direito de conseguir com toda a tranquilidade;Viana Nogueira S/A;Segurança da Informação;2024-08-13;2025-10-09;12;Online gravado / EAD;Não;Normativo / Regulatórios;quo.pdf;
Pedro Duarte;Marketing;almeidadavi@costela.br;59169da5-8841-497c-8f0d-62ba32b1212e;Treinamento Interno;O poder de avançar de maneira eficaz;Fogaça;Infraestrutura de TI;2024-12-25;;;Presencial;Sim;Técnica / Operacional;provident.pdf;
Arthur Dias;Compliance / Governança;pietra51@costa.com;0afcd93f-e0ba-4642-864b-28dfe8b1c487;Certificação externa;A vantagem de evoluir direto da fonte;Pereira;Gestão de Pessoas;DADO_INVALIDO;2027-10-04;4;Online ao vivo;Sim;Técnica / Operacional;aut.pdf;
Gabriel das Neves;Recursos Humanos (RH);maria-sophia49@uol.com.br;6cf0bf23-7f6d-4f11-9427-2926ff35deb5;Certificação externa;O prazer de inovar com toda a tranquilidade;Martins e Filhos;Comercial / Relacionamentos;2024-06-23;2025-09-06;;Online ao vivo;Não;Normativo / Regulatórios;commodi.pdf;Earum eaque distinctio repudiandae quasi a laboriosam.
Kamilly Caldeira;Vendas;wrezende@das.br;42503167-5638-4d18-b5a0-ccf018354553;Certificação externa;A liberdade de evoluir com toda a tranquilidade;Carvalho - EI;LGPD / Compliance;2024-09-07;2026-02-09;8;Online ao vivo;Sim;Técnica / Operacional;quo.pdf;Ab sed illo nam debitis beatae consectetur iste.
Nicolas Carvalho;Atendimento ao cliente / Suporte;souzamarcela@vieira.br;0bb0af0a-73a1-4d93-99e4-22c007d07238;Certificação externa;A certeza de conseguir em estado puro;Rodrigues;Atendimento ao Cliente;2023-09-02;2024-09-08;4;Híbrido;Não;Cultura e Valores da Empresa;distinctio.pdf;
André da Mota;Recursos Humanos (RH);luna67@bol.com.br;a520ac96-5b68-4a78-b7ce-3d506059cdc1;Treinamento Interno;A vantagem de atingir seus objetivos com confiança;Peixoto S/A;Marketing / Brandig;2024-03-19;2026-09-30;80;Presencial;Sim;Cultura e Valores da Empresa;maxime.pdf;
Marcelo Fogaça;Contabilidade;enzo67@uol.com.br;58ffdedb-eb66-47a9-9359-8ba0d07da37b;Treinamento Interno;A vantagem de realizar seus sonhos de maneira eficaz;Viana S.A.;Automação de Processos / Arquitetura de Soluções;2024-11-30;2027-09-19;12;Online gravado / EAD;Sim;Normativo / Regulatórios;enim.pdf;
Juliana Mendes;Atendimento ao cliente / Suporte;das-nevesana-sophia@costa.com;b6a966e1-e82b-419c-8b48-23cc0ab7b8ab;Certificação externa;A arte de evoluir com confiança;Correia Jesus S.A.;Operações Administrativas / Processos;2024-07-09;2026-09-04;;Presencial;Não;Normativo / Regulatórios;atque.pdf;
Daniel Teixeira;Jurídico;cardososofia@uol.com.br;b05f8a42-ad9d-441b-8705-c2b78cbd57bb;Treinamento Interno;A liberdade de inovar direto da fonte;Rezende - EI;Gestão de Pessoas;2024-03-03;2025-12-18;12;Online ao vivo;Não;Gestão / Liderança;ut.pdf;Laborum consequuntur labore.
Nathan Vieira;Administrativo;da-mataesther@nascimento.com;bf5e1a37-4364-4738-b100-dc3c0bd3ca34;Certificação externa;A simplicidade de avançar de maneira eficaz;da Costa;Automação de Processos / Arquitetura de Soluções;2023-09-29;2026-08-17;;Online gravado / EAD;Sim;Cultura e Valores da Empresa;cupiditate.pdf;
Nathan Peixoto;Compras;ugoncalves@das.br;9d9bff0e-8e87-4542-9851-d024c943a5af;Certificação externa;A vantagem de evoluir sem preocupação;Gomes;Automação de Processos / Arquitetura de Soluções;2024-01-18;2024-11-16;;Híbrido;Não;Gestão / Liderança;qui.pdf;
Ana Rocha;Marketing;maiterezende@cavalcanti.org;4c7ed8b1-ab16-4ee2-a8ca-f48e5285b38a;Treinamento Interno;A possibilidade de avançar mais rapidamente;da Cunha S.A.;Projetos / Scrum / Agile;2024-02-08;2026-10-17;40;Presencial;Não;Cultura e Valores da Empresa;facere.pdf;Nihil blanditiis vero qui.
Cecília Cavalcanti;Recursos Humanos (RH);costelatheo@bol.com.br;a5d2a607-84ae-400e-998b-cf12f1a268cf;Certificação externa;O direito de mudar simplesmente;Nogueira - EI;LGPD / Compliance;2023-10-06;2024-09-27;40;Online gravado / EAD;Não;Normativo / Regulatórios;minus.pdf;
Sr. Thiago Santos;Produtos;fogacalucas@ig.com.br;03ad3c9f-8755-4048-83df-23d975418a8c;Treinamento Interno;O poder de evoluir simplesmente;Fernandes Araújo e Filhos;Marketing / Brandig;2023-08-04;;20;Online gravado / EAD;Não;Técnica / Operacional;libero.pdf;
Leandro Silva;Design UX/UI;fernanda58@bol.com.br;dae6c5d7-8993-42b9-9147-60b9e7c35b14;Treinamento Interno;A vantagem de realizar seus sonhos em estado puro;Mendes Castro S.A.;Finanças / Contabilidade;2023-08-23;2025-06-23;80;Híbrido;Não;Normativo / Regulatórios;iste.pdf;Dicta nam animi beatae occaecati eius natus dolorum.
João Lucas Pinto;Compliance / Governança;mendesdaniel@pereira.br;f863c97e-0eab-4513-bec0-8d9ba3583d16;Treinamento Interno;O poder de avançar antes de tudo;Pereira e Filhos;Marketing / Brandig;2024-05-03;2024-12-19;;Online ao vivo;Não;Normativo / Regulatórios;corrupti.pdf;Atque perferendis ullam.
Giovanna Rodrigues;Compliance / Governança;cardosolucas@souza.com;98299382-f063-4d2d-b298-25b63ebdd2f2;Certificação externa;O direito de realizar seus sonhos naturalmente;Lima;Marketing / Brandig;2024-02-29;;80;Online ao vivo;Sim;Normativo / Regulatórios;illo.pdf;
Bianca Duarte;Compliance / Governança;asilva@yahoo.com.br;01da9766-2073-42d7-b191-05ba9934ca7c;Certificação externa;A arte de atingir seus objetivos com força total;Alves;Ciência de Dados / Analytics;2025-03-15;2026-12-19;80;Híbrido;Sim;Gestão / Liderança;facilis.pdf;Rerum dignissimos eius quos quos asperiores dolor laudantium.
Dra. Melissa Porto;Marketing;davi-lucca93@uol.com.br;b17ecbfa-d42c-4f3b-98a1-5b7de8f881fc;Certificação externa;A possibilidade de concretizar seus projetos em estado puro;da Mata;Atendimento ao Cliente;2024-01-19;;12;Online ao vivo;Sim;Normativo / Regulatórios;recusandae.pdf;
Sr. Davi Lucas Cavalcanti;Produtos;wfarias@yahoo.com.br;1c3a9889-7268-4327-aa67-9fbf6de54475;Certificação externa;O prazer de realizar seus sonhos mais rapidamente;Pires;QA / Testes;2024-09-19;;80;Híbrido;Não;Cultura e Valores da Empresa;temporibus.pdf;
João Lucas Mendes;Atendimento ao cliente / Suporte;ana-clara73@da.br;1740dd72-37a9-4cc9-b936-64f1889a9dc2;Certificação externa;A arte de evoluir naturalmente;Nunes Dias - ME;Design / UX e UI;2023-05-07;2025-07-13;80;Presencial;Sim;Cultura e Valores da Empresa;iste.pdf;
Kamilly Santos;Design UX/UI;danielribeiro@yahoo.com.br;ad82a3af-5018-4ecd-8832-71ee0422184e;Certificação externa;A segurança de avançar antes de tudo;Pinto Ribeiro S.A.;Operações Administrativas / Processos;2023-11-16;2025-08-24;;Online ao vivo;DADO_INVALIDO;Cultura e Valores da Empresa;dolore.pdf;
Laís Silveira;Compras;dvieira@freitas.com;ff1ff76d-ca45-4a5f-bffd-8bcdda36cc16;Treinamento Interno;O prazer de realizar seus sonhos direto da fonte;Azevedo;LGPD / Compliance;2023-04-27;2025-05-18;8;Híbrido;Não;Técnica / Operacional;libero.pdf;
Sarah Ribeiro;Produtos;limadaniela@fernandes.com;b8ea7764-3f4e-47c9-9b9e-941aed4a29bf;Certificação externa;A liberdade de ganhar com toda a tranquilidade;Correia Pereira Ltda.;Gestão de Pessoas;2025-02-21;;40;Online gravado / EAD;Sim;Gestão / Liderança;dolor.pdf;
Matheus Viana;Produtos;silveirajoao@uol.com.br;80bf7edb-6592-48c4-9fec-a0b71b4300f0;Certificação externa;A possibilidade de realizar seus sonhos mais rapidamente;Pires;Compras / Suprimentos;2023-09-20;;;Presencial;Não;Técnica / Operacional;fugiat.pdf;
Lívia Cunha;Compliance / Governança;almeidavitoria@hotmail.com;10d500eb-75a4-4a68-a6df-96fe6cc3d4fc;Treinamento Interno;A simplicidade de mudar com força total;da Mata - EI;Segurança da Informação;2023-04-29;2023-12-01;80;Online gravado / EAD;Sim;Cultura e Valores da Empresa;ea.pdf;
Fernanda Ramos;Marketing;andre17@yahoo.com.br;65ae8b84-5dc2-440b-84bc-95d5d1b68b23;Treinamento Interno;A arte de inovar mais facilmente;Araújo Caldeira S/A;Segurança da Informação;2023-11-21;;8;Presencial;Sim;Técnica / Operacional;quos.pdf;Cum repellendus voluptate molestiae est eos odio.
Mariana Fernandes;Administrativo;isabellada-rosa@bol.com.br;d7b0e4c4-4b19-44d1-aa2e-1cbb2372f0cd;Certificação externa;O direito de evoluir com confiança;Farias Ltda.;Ciência de Dados / Analytics;2023-06-29;2025-01-08;8;Online ao vivo;Sim;Normativo / Regulatórios;nesciunt.pdf;
Laís Aragão;Vendas;costalara@cunha.com;4ac48535-aefb-4e7b-bc46-b94cea96c0a0;Treinamento Interno;A segurança de atingir seus objetivos naturalmente;Barbosa;Design / UX e UI;2024-03-16;2025-09-03;;Online gravado / EAD;Sim;Técnica / Operacional;repellendus.pdf;
Lara da Paz;Marketing;dda-cruz@gmail.com;0f29a223-3009-41eb-815c-76cfe0d48cfc;Certificação externa;A liberdade de realizar seus sonhos com toda a tranquilidade;Caldeira;Saúde / Bem-estar no trabalho;2024-01-05;2025-03-26;;Online ao vivo;Não;Gestão / Liderança;cupiditate.pdf;
Nathan Farias;Design UX/UI;agatha86@ribeiro.org;b1dbf9f9-62e2-4b6b-b872-1ca9bd80498e;Certificação externa;A possibilidade de realizar seus sonhos em estado puro;Moura;Segurança da Informação;2024-03-27;2026-10-21;8;Online ao vivo;Sim;Técnica / Operacional;quidem.pdf;
Dr. Leonardo Pires;Administrativo;carolineda-paz@barbosa.org;61bf6a8d-45cd-448b-af0f-11e2c24df963;Certificação externa;A certeza de mudar direto da fonte;Rodrigues;Marketing / Brandig;2024-01-03;2024-07-17;8;Online ao vivo;Não;Gestão / Liderança;facilis.pdf;
Sr. Samuel Souza;Administrativo;tnascimento@yahoo.com.br;9068317c-4649-4e59-8adf-225e0511d7a9;Treinamento Interno;O conforto de ganhar sem preocupação;Fogaça Novaes - EI;Compras / Suprimentos;2023-12-05;2024-10-22;;Híbrido;Não;Técnica / Operacional;fuga.pdf;
Marcela Castro;Design UX/UI;nvieira@uol.com.br;82acc8e6-9d3e-4744-a91e-6df004499489;Certificação externa;O prazer de evoluir simplesmente;Cavalcanti;Comercial / Relacionamentos;2024-06-13;2025-08-28;12;Presencial;Não;Gestão / Liderança;mollitia.pdf;Nulla fuga expedita necessitatibus atque unde.
Srta. Ana Carolina Almeida;Administrativo;procha@bol.com.br;dee8971d-7d9b-4294-be4b-7ddc4dd656d0;Treinamento Interno;A segurança de inovar naturalmente;Dias;Automação de Processos / Arquitetura de Soluções;2024-11-18;2025-06-07;80;Híbrido;Sim;Gestão / Liderança;nam.pdf;Minima perferendis sapiente officia repellendus illum expedita repellendus.
Clarice Mendes;Design UX/UI;oliveiradavi@yahoo.com.br;369098ca-e8b2-4a45-a485-da5229e71473;Certificação externa;O prazer de atingir seus objetivos de maneira eficaz;Vieira Caldeira S/A;Finanças / Contabilidade;2023-11-05;2026-10-10;;Online ao vivo;Não;Normativo / Regulatórios;distinctio.pdf;Necessitatibus repellendus perspiciatis sint magni.
Luiza Fogaça;Jurídico;araujoana-julia@ig.com.br;6200d914-c973-432b-a6fc-f7f3fb418355;Certificação externa;A certeza de inovar de maneira eficaz;Pereira Ribeiro S.A.;Gestão de Pessoas;2024-12-12;2027-10-04;80;Híbrido;Sim;Gestão / Liderança;repellendus.pdf;
Olivia Rodrigues;Produtos;yagoda-cunha@da.br;7b14b74a-2a0e-473f-b903-a6c8c01761b0;Treinamento Interno;A liberdade de evoluir mais facilmente;Nascimento;QA / Testes;2024-04-02;2026-07-11;;Online gravado / EAD;Sim;Cultura e Valores da Empresa;sunt.pdf;
Srta. Eloah Duarte;Design UX/UI;joao-guilherme04@bol.com.br;b6d8bd94-a9db-4063-8eb7-26a92d45b2b2;Treinamento Interno;A simplicidade de conseguir com força total;Novaes;Segurança da Informação;2024-01-14;2026-12-15;20;Presencial;Sim;Normativo / Regulatórios;omnis.pdf;
Ana Lívia da Conceição;Design UX/UI;dviana@pereira.com;28d4ab1d-84ee-4989-9a3f-e205e542c949;Certificação externa;A certeza de evoluir de maneira eficaz;Porto Ltda.;Finanças / Contabilidade;2023-06-19;;;Híbrido;Sim;Normativo / Regulatórios;perferendis.pdf;
Dra. Beatriz Silva;Administrativo;murilomelo@da.br;5c216589-62c1-4f09-b210-380ada7050ef;Treinamento Interno;A vantagem de evoluir de maneira eficaz;da Cruz;LGPD / Compliance;2024-05-23;2027-05-15;4;Online ao vivo;Não;Normativo / Regulatórios;dolorum.pdf;
Ana Sophia Correia;Compliance / Governança;DADO_INVALIDO;6b38d773-4873-40a5-a49f-cbe403c6f610;Treinamento Interno;O conforto de evoluir naturalmente;Mendes Ltda.;Infraestrutura de TI;2023-08-15;;4;Online gravado / EAD;Sim;Técnica / Operacional;architecto.pdf;
Sr. Lorenzo Monteiro;Compras;brunaviana@vieira.com;bb6ab0a4-f015-474d-bd41-6db474fb6cf2;Treinamento Interno;A simplicidade de evoluir mais facilmente;da Cunha Ltda.;Comercial / Relacionamentos;2024-11-20;2025-11-29;20;Híbrido;Sim;Cultura e Valores da Empresa;sunt.pdf;
Sabrina Duarte;Recursos Humanos (RH);theosilveira@rezende.com;a92b03b6-1ea4-404a-9d7e-ffc68f8d261b;Certificação externa;A segurança de inovar com força total;Barbosa;Saúde / Bem-estar no trabalho;2024-10-16;2026-01-23;20;Híbrido;Sim;Gestão / Liderança;laborum.pdf;
Sr. Benjamin Jesus;Administrativo;alexiagoncalves@yahoo.com.br;3abf4852-ad14-4970-93f4-9ab835e79bfe;Treinamento Interno;O poder de atingir seus objetivos com toda a tranquilidade;da Mata Ltda.;Desenvolvimento de Software;2025-02-09;2026-05-04;40;Online gravado / EAD;Não;Gestão / Liderança;quisquam.pdf;Culpa fugiat necessitatibus illum quibusdam necessitatibus.
Ian da Mata;Compras;mcosta@ig.com.br;3aa6889d-bb6e-40cb-ab5b-3c26eec29023;Certificação externa;A vantagem de inovar com toda a tranquilidade;da Rosa;Automação de Processos / Arquitetura de Soluções;2024-09-30;2026-01-09;12;Online ao vivo;Não;Normativo / Regulatórios;animi.pdf;
Bruna Duarte;Compras;salesvitor-hugo@duarte.com;187105b6-3fe2-4b3f-8074-03d5f70712d2;Certificação externa;A possibilidade de ganhar com toda a tranquilidade;Moura;Finanças / Contabilidade;2023-08-07;;4;Online ao vivo;Não;Normativo / Regulatórios;est.pdf;
Maria Vitória da Cruz;Compras;joao01@gmail.com;d30ede22-bef2-4bec-b6bb-0ce1e63faef8;Treinamento Interno;A liberdade de avançar naturalmente;Castro;Finanças / Contabilidade;2023-08-02;2025-03-01;12;Online ao vivo;Sim;Gestão / Liderança;blanditiis.pdf;
Rodrigo Pereira;Atendimento ao cliente / Suporte;usales@da.com;d6212f2a-6552-4b76-9623-f366ab2dee24;Treinamento Interno;A liberdade de concretizar seus projetos antes de tudo;Aragão;Projetos / Scrum / Agile;2024-08-25;2027-08-16;;Online gravado / EAD;Sim;Normativo / Regulatórios;non.pdf;
Maria Cecília da Mata;Contabilidade;raquelferreira@alves.com;cf0d97ac-43d9-41de-a395-2199bd93d642;Certificação externa;O direito de concretizar seus projetos com toda a tranquilidade;Santos;QA / Testes;2023-06-19;2025-11-05;12;Presencial;Não;Cultura e Valores da Empresa;commodi.pdf;
Luna da Cruz;Compliance / Governança;ferreirajulia@bol.com.br;b75aa745-82ed-4c0a-8fb3-fffa30816b69;Certificação externa;O prazer de concretizar seus projetos direto da fonte;Farias;Gestão de Pessoas;2024-05-31;2025-05-09;;Online gravado / EAD;Sim;Gestão / Liderança;animi.pdf;
Diogo Aragão;Atendimento ao cliente / Suporte;breno00@novaes.br;ab4205fe-1fb6-4b79-aa03-62cff180c9e4;Treinamento Interno;A arte de atingir seus objetivos de maneira eficaz;da Mata;LGPD / Compliance;2024-05-01;2025-07-28;40;Presencial;Não;Normativo / Regulatórios;accusantium.pdf;
Thomas Carvalho;Contabilidade;alexiaduarte@da.com;64b6ce50-8d4e-4bd5-9046-869d7650fb9e;Treinamento Interno;O conforto de avançar direto da fonte;Nogueira;Atendimento ao Cliente;2024-10-07;2025-07-19;12;Presencial;Não;Gestão / Liderança;iure.pdf;Numquam recusandae exercitationem architecto dicta qui voluptatum.
Srta. Natália Rezende;Contabilidade;ofogaca@hotmail.com;0ba061ac-25e7-4fd8-8738-cf8fa598b1c5;Certificação externa;A vantagem de inovar de maneira eficaz;Dias e Filhos;Gestão de Pessoas;2025-02-22;2027-04-25;80;Híbrido;Sim;Gestão / Liderança;exercitationem.pdf;
Enrico Nogueira;Administrativo;feliperamos@monteiro.net;a9ca13fe-b360-42de-bd59-572a7a4eeacb;Treinamento Interno;A vantagem de atingir seus objetivos em estado puro;Monteiro Ltda.;Operações Administrativas / Processos;2024-06-12;2025-01-30;20;Presencial;Não;Normativo / Regulatórios;exercitationem.pdf;
Luna Souza;Tecnologia da Informação (TI);qaraujo@lima.br;61bd701a-2e1b-4099-bf6d-f63811ff42ae;Certificação externa;A arte de realizar seus sonhos com toda a tranquilidade;da Cruz Moura S.A.;Atendimento ao Cliente;2024-08-12;2025-08-04;40;Online ao vivo;Sim;Técnica / Operacional;provident.pdf;
Marina Gomes;Financeiro;ipinto@gmail.com;cb18d867-f511-4b57-a509-c67480167682;Treinamento Interno;A vantagem de ganhar simplesmente;Cavalcanti S.A.;Comercial / Relacionamentos;2025-01-11;2026-03-16;12;Híbrido;Não;Técnica / Operacional;explicabo.pdf;
Renan Jesus;Compliance / Governança;fariasenrico@viana.org;b7dfa0eb-422a-4aa0-b297-fbcfb478ae6f;Treinamento Interno;O prazer de realizar seus sonhos de maneira eficaz;Cardoso;QA / Testes;2023-11-15;2025-03-11;80;Presencial;Sim;Técnica / Operacional;vero.pdf;
Bruna Cardoso;Recursos Humanos (RH);fernando65@hotmail.com;dd81bc32-ad43-46ad-9c37-56583017c8bc;Treinamento Interno;O conforto de concretizar seus projetos simplesmente;Gonçalves;Atendimento ao Cliente;2024-12-09;2026-10-25;8;Online ao vivo;Sim;Normativo / Regulatórios;iste.pdf;
Luiza Fogaça;Tecnologia da Informação (TI);cavalcantipedro@ig.com.br;899af400-7684-4246-80c8-d605e6199b7d;Certificação externa;O poder de atingir seus objetivos com toda a tranquilidade;Silva Moura - ME;Segurança da Informação;2023-08-22;2024-12-11;;Online gravado / EAD;Sim;Normativo / Regulatórios;ex.pdf;
Miguel Carvalho;Financeiro;pedropereira@ig.com.br;a89b94e9-4a71-44b0-82fe-ba49a3acd3d2;Certificação externa;O direito de ganhar com toda a tranquilidade;das Neves Ltda.;Comercial / Relacionamentos;2023-04-12;2024-10-21;8;Presencial;Sim;Cultura e Valores da Empresa;nihil.pdf;
Ana Laura Araújo;Vendas;livia55@da.com;eafd2dd1-d599-45d6-aa67-a68a7a798424;Treinamento Interno;O poder de evoluir mais rapidamente;Aragão;DADO_INVALIDO;2023-08-02;2024-09-11;80;Presencial;Sim;Normativo / Regulatórios;dolor.pdf;
Kamilly Cunha;Tecnologia da Informação (TI);ibarbosa@gmail.com;051b4b4a-1233-4644-b252-558fccc164de;Treinamento Interno;A vantagem de inovar com confiança;da Luz;Infraestrutura de TI;2024-08-12;2025-06-02;12;Presencial;Sim;Gestão / Liderança;quod.pdf;
Ana Carolina Araújo;Tecnologia da Informação (TI);caiobarbosa@rocha.com;e471607f-c28e-4190-9cc7-56dc22b042c2;Treinamento Interno;O conforto de mudar de maneira eficaz;das Neves;Ciência de Dados / Analytics;2023-05-10;2024-06-12;12;Online gravado / EAD;Não;Normativo / Regulatórios;ea.pdf;
Srta. Kamilly Teixeira;Jurídico;alvescaio@hotmail.com;3b5c9540-3c95-40b5-aecd-f8c2c6904d87;Certificação externa;A simplicidade de mudar com toda a tranquilidade;Gomes;Marketing / Brandig;2023-07-29;;80;Online ao vivo;Sim;Técnica / Operacional;voluptatum.pdf;
Ana Julia Porto;Vendas;yasminduarte@bol.com.br;e6fd770f-25ca-43fe-81c8-09a344e8a0bd;Certificação externa;A liberdade de mudar com toda a tranquilidade;Costa - ME;Saúde / Bem-estar no trabalho;2024-03-26;2027-03-07;80;Online gravado / EAD;Não;Normativo / Regulatórios;laborum.pdf;
Samuel Aragão;Compras;catarinada-conceicao@gmail.com;3e95a4a6-936a-491c-b67e-bbc9fcb28b13;Certificação externa;A vantagem de atingir seus objetivos com toda a tranquilidade;Caldeira Caldeira e Filhos;Saúde / Bem-estar no trabalho;2024-05-29;2026-12-25;4;Presencial;Não;Normativo / Regulatórios;expedita.pdf;
Alícia Nascimento;Compras;ucardoso@fogaca.br;2c0dc3c9-7027-4c08-9f80-604a91327dfa;Certificação externa;O conforto de conseguir com toda a tranquilidade;Ferreira;Finanças / Contabilidade;2024-03-15;2024-09-25;;Online ao vivo;Sim;Técnica / Operacional;nobis.pdf;
Lucca Barbosa;Atendimento ao cliente / Suporte;fogacamaria@peixoto.com;323ebade-491b-4407-9f90-5e66b2ac99e5;Certificação externa;O direito de realizar seus sonhos mais rapidamente;da Mata S/A;Automação de Processos / Arquitetura de Soluções;2025-02-23;2027-05-14;4;Online gravado / EAD;Não;Cultura e Valores da Empresa;incidunt.pdf;
Rafaela Lopes;Recursos Humanos (RH);nascimentojoao-miguel@fogaca.br;6409ea64-ebdf-4e4b-a25f-ebb86be9d063;Treinamento Interno;A vantagem de mudar de maneira eficaz;Cardoso;Automação de Processos / Arquitetura de Soluções;2025-02-03;2026-08-23;;Online gravado / EAD;Não;Cultura e Valores da Empresa;doloremque.pdf;
Dr. Davi Lucas Silva;Produtos;levida-mata@barros.com;2a6a34e1-c293-4c1e-adc7-687e43955cec;Certificação externa;A segurança de concretizar seus projetos com confiança;Dias;Finanças / Contabilidade;2023-12-20;2024-06-23;4;Presencial;Não;Gestão / Liderança;ad.pdf;
Larissa Dias;Recursos Humanos (RH);tduarte@da.br;e9dc0a46-28cc-42d4-9919-a7b2a9a98f28;Certificação externa;O prazer de avançar direto da fonte;Correia;Operações Administrativas / Processos;2024-03-19;2025-04-30;8;Online ao vivo;Não;Técnica / Operacional;iure.pdf;Autem reiciendis voluptatibus temporibus ducimus esse hic.
Leonardo Rezende;Atendimento ao cliente / Suporte;yda-rosa@da.org;bfd9185a-3538-4313-a310-358cb6d14e13;Certificação externa;A possibilidade de atingir seus objetivos com toda a tranquilidade;Correia;LGPD / Compliance;2024-03-26;;80;Online ao vivo;Não;Técnica / Operacional;sapiente.pdf;
Isabella Barros;Produtos;ida-cunha@cardoso.com;f316cec6-0963-4679-b931-3befa044afea;Certificação externa;O direito de avançar com força total;da Conceição;LGPD / Compliance;2023-04-10;2023-11-03;80;Presencial;Não;Normativo / Regulatórios;suscipit.pdf;
Gabriel da Mota;Compliance / Governança;alexandre64@yahoo.com.br;106e752f-e758-4b71-828d-1d3f4507a004;Treinamento Interno;O conforto de conseguir naturalmente;Barbosa;Liderança;2023-08-04;;40;Presencial;Sim;Gestão / Liderança;porro.pdf;
Miguel Lopes;Compliance / Governança;gabriellyduarte@melo.com;e0980f54-8d43-4062-a32f-e27e1d405276;Treinamento Interno;O prazer de conseguir direto da fonte;Pereira;Comercial / Relacionamentos;2024-02-17;;8;Presencial;Sim;Técnica / Operacional;odit.pdf;Iure saepe ad nobis quam aperiam.
Miguel Alves;Atendimento ao cliente / Suporte;isouza@ig.com.br;d01f91ad-d896-43f0-820f-95d304da9698;Certificação externa;O prazer de conseguir antes de tudo;Silva;Marketing / Brandig;2023-08-14;2024-10-08;20;Online ao vivo;Não;Gestão / Liderança;aspernatur.pdf;
Alice da Luz;Marketing;teixeiradiego@moraes.net;4f74ee7f-e3bd-4be4-87d5-4f1fc884f77b;Treinamento Interno;A segurança de concretizar seus projetos sem preocupação;Silva;Investimentos;2024-01-01;2025-07-11;8;Online ao vivo;Sim;Técnica / Operacional;sequi.pdf;Id assumenda minus.
Alícia Viana;Jurídico;viniciusribeiro@barros.com;cf57cdf6-9626-4a0b-8a5f-c7a1e07cb667;Certificação externa;A liberdade de conseguir com confiança;Araújo Barbosa - EI;Gestão de Pessoas;2024-06-09;2025-06-26;4;Presencial;Não;Normativo / Regulatórios;harum.pdf;
Pedro Miguel Peixoto;Compras;cavalcanticamila@rodrigues.com;2abe6c6f-617d-4342-9bfd-4a511f805922;Certificação externa;A vantagem de mudar mais facilmente;Novaes;Atendimento ao Cliente;2023-12-01;2025-11-05;8;Presencial;Não;Normativo / Regulatórios;earum.pdf;
Luiz Henrique Barros;Atendimento ao cliente / Suporte;rochajoana@ig.com.br;02c46e9e-b527-4e0c-b549-4a6a4ef8eca1;Treinamento Interno;A possibilidade de evoluir sem preocupação;Carvalho;Projetos / Scrum / Agile;2024-07-18;2025-08-18;;Online ao vivo;Sim;Cultura e Valores da Empresa;beatae.pdf;
Dr. Felipe Ferreira;Design UX/UI;meloandre@uol.com.br;a15f4c13-d51f-49e6-8029-2083322b14c4;Treinamento Interno;A certeza de conseguir naturalmente;DADO_INVALIDO;Compras / Suprimentos;2023-08-01;2026-02-19;8;Online ao vivo;Não;Normativo / Regulatórios;natus.pdf;Pariatur asperiores quas saepe facere excepturi.
Gustavo Santos;Recursos Humanos (RH);dsilveira@carvalho.com;dbcff2f6-13b4-4d08-b542-0c3bd761bf3c;Certificação externa;A possibilidade de realizar seus sonhos mais facilmente;Monteiro Gomes - ME;Liderança;2025-01-05;;;Online gravado / EAD;Sim;Técnica / Operacional;nulla.pdf;
Emanuel Ferreira;Produtos;daniela05@uol.com.br;28f36300-283d-441f-aa9c-baa72451266a;Certificação externa;A vantagem de avançar naturalmente;Fernandes;Liderança;2024-01-03;2025-01-10;40;Presencial;Não;Normativo / Regulatórios;eaque.pdf;
Amanda Ramos;Administrativo;enrico57@santos.br;f67a4c7a-7950-4fde-86d2-b1bf801ac082;Treinamento Interno;A segurança de concretizar seus projetos com toda a tranquilidade;Cardoso S/A;Compras / Suprimentos;2024-01-08;;8;Híbrido;Sim;Técnica / Operacional;distinctio.pdf;
Mariane Azevedo;Recursos Humanos (RH);vdas-neves@ig.com.br;1b17b372-a3e3-4375-bcfa-b794916bf34e;Certificação externa;A certeza de concretizar seus projetos de maneira eficaz;Gonçalves Duarte S.A.;Segurança da Informação;2023-11-03;2025-02-28;12;Online ao vivo;Sim;Gestão / Liderança;iste.pdf;
Alexandre Lopes;Vendas;falves@da.br;3921e911-bec7-47d6-b124-6dd1563466d7;Treinamento Interno;O poder de conseguir simplesmente;Jesus;Segurança da Informação;2024-11-12;2025-07-23;;Híbrido;Não;Cultura e Valores da Empresa;magni.pdf;
Heloísa Dias;Design UX/UI;elisacarvalho@rodrigues.net;93fc2484-4e66-40eb-9870-6caff327cf65;Certificação externa;A liberdade de atingir seus objetivos antes de tudo;Barbosa e Filhos;Ciência de Dados / Analytics;2023-08-15;2026-04-07;40;Presencial;Não;Cultura e Valores da Empresa;pariatur.pdf;Quo doloribus voluptate molestiae suscipit.
Srta. Maria Fernanda Santos;Tecnologia da Informação (TI);helena34@ig.com.br;29af9076-5a64-4283-b9c0-7301dbcc51b6;Certificação externa;A vantagem de realizar seus sonhos naturalmente;Costa;Marketing / Brandig;2024-07-26;2025-10-05;4;Online ao vivo;Não;Técnica / Operacional;pariatur.pdf;
Dra. Eduarda Aragão;Contabilidade;lsantos@gmail.com;575b6522-1f69-4597-ac09-80a34cac3c19;Treinamento Interno;A vantagem de ganhar mais facilmente;Jesus S/A;Atendimento ao Cliente;2024-03-22;;8;Online ao vivo;Não;Cultura e Valores da Empresa;temporibus.pdf;Nam voluptates tenetur.
Vitória Aragão;Financeiro;mendesmarcela@uol.com.br;6a4d8e23-496c-499d-b951-3ab9bcf0f5bf;Treinamento Interno;O poder de realizar seus sonhos sem preocupação;Moura;Desenvolvimento de Software;2023-11-22;2025-08-22;8;Híbrido;Sim;Cultura e Valores da Empresa;tenetur.pdf;
Ana Julia Freitas;Compras;fernandesdiego@jesus.org;165e4168-0d68-478c-a8d5-9df0d605d44d;Certificação externa;O prazer de ganhar em estado puro;Martins;Investimentos;2024-06-16;2026-07-19;8;Presencial;Não;Gestão / Liderança;dolores.pdf;
Alexandre Araújo;Vendas;fogacaesther@jesus.com;f8a608e4-c77a-4030-95b1-40ffe7d2ed0a;Certificação externa;A certeza de mudar com toda a tranquilidade;da Conceição S/A;Desenvolvimento de Software;2025-02-26;2028-01-05;20;Online gravado / EAD;Não;Técnica / Operacional;voluptatum.pdf;
Dr. Augusto Cunha;Vendas;maria-clara53@barbosa.br;204798c9-97f3-43da-b009-bd2fafe89d8f;Treinamento Interno;A simplicidade de ganhar direto da fonte;Pereira;Operações Administrativas / Processos;2024-04-17;;20;Online gravado / EAD;Sim;Gestão / Liderança;enim.pdf;
Juliana Cavalcanti;Financeiro;sarahgomes@ramos.net;92fb4e4c-2c98-4d04-ba43-ce7a06075993;Treinamento Interno;A simplicidade de concretizar seus projetos naturalmente;da Conceição;Operações Administrativas / Processos;2023-12-23;2026-01-25;;Online ao vivo;Sim;Normativo / Regulatórios;saepe.pdf;
Emilly Lopes;Vendas;vieiradavi-luiz@viana.br;bc29bd5c-9792-4c26-8464-4da7a2e24325;Certificação externa;O direito de conseguir sem preocupação;Mendes Oliveira e Filhos;Saúde / Bem-estar no trabalho;2024-08-05;;80;Online gravado / EAD;Sim;Normativo / Regulatórios;quod.pdf;
Luigi Nunes;Vendas;nicolascardoso@costa.br;d4b8e2c1-caf2-4aa4-828c-37672c5c196b;Treinamento Interno;A vantagem de realizar seus sonhos de maneira eficaz;Vieira S.A.;Design / UX e UI;2023-05-10;2023-12-14;40;Online gravado / EAD;Sim;Cultura e Valores da Empresa;voluptas.pdf;
João Pedro Rezende;Produtos;araujocaua@yahoo.com.br;de2a0920-77be-4a49-8ea6-d7bdd0b8ebbe;Treinamento Interno;A certeza de realizar seus sonhos naturalmente;da Cruz - EI;Automação de Processos / Arquitetura de Soluções;2025-03-25;2027-11-14;20;Online gravado / EAD;Sim;Gestão / Liderança;distinctio.pdf;
Sarah Jesus;Vendas;teixeiraisabelly@gmail.com;508364ff-5429-474b-9294-ad62e7e61060;Certificação externa;A simplicidade de evoluir antes de tudo;Rezende Moura Ltda.;Gestão de Pessoas;2023-12-29;2024-06-28;12;Online ao vivo;Sim;Cultura e Valores da Empresa;assumenda.pdf;
Emilly Viana;Design UX/UI;joanagoncalves@gmail.com;6dfa1e65-4ce2-4844-95ab-b24911be4467;Certificação externa;O poder de avançar com força total;Moraes;Desenvolvimento de Software;2024-10-06;;4;Online gravado / EAD;Sim;Cultura e Valores da Empresa;provident.pdf;
Sr. Davi Lucca Cunha;Tecnologia da Informação (TI);pmoura@ig.com.br;381a5277-6cea-48fd-b736-56ac85ba251f;Certificação externa;A liberdade de realizar seus sonhos sem preocupação;Novaes;Projetos / Scrum / Agile;2023-10-27;2025-04-30;40;Presencial;Sim;Cultura e Valores da Empresa;fugit.pdf;
Sophia Correia;Atendimento ao cliente / Suporte;paulo42@cunha.com;DADO_INVALIDO;Certificação externa;A vantagem de conseguir mais facilmente;Moreira S/A;Desenvolvimento de Software;2024-04-10;;4;Online gravado / EAD;Não;Gestão / Liderança;ratione.pdf;
Vitor Hugo Melo;Administrativo;costakevin@da.org;c238cfaa-825d-423c-9332-f76751286c75;Certificação externa;A segurança de conseguir com confiança;Caldeira;QA / Testes;2023-07-02;2024-12-11;80;Online ao vivo;Sim;Gestão / Liderança;ab.pdf;
Augusto Fernandes;Financeiro;pereiraisaac@nogueira.br;51d9b98f-bca5-43a4-be7e-87b90894f1c7;Certificação externa;A arte de ganhar em estado puro;Melo e Filhos;QA / Testes;2024-07-24;2027-05-16;80;Online ao vivo;Sim;Técnica / Operacional;perspiciatis.pdf;
Lucas Barbosa;Tecnologia da Informação (TI);emanuella19@gmail.com;63f2566a-512e-48fb-9a54-13f7a6e2a30d;Treinamento Interno;A simplicidade de realizar seus sonhos simplesmente;Correia - ME;LGPD / Compliance;2024-11-02;2026-01-19;;Online gravado / EAD;Sim;Técnica / Operacional;nulla.pdf;Aspernatur quaerat labore adipisci minus aspernatur minima.
Marina Novaes;Atendimento ao cliente / Suporte;bbarros@correia.com;91c7147b-b6f3-4af7-b352-9c6138d46e7f;Treinamento Interno;O direito de conseguir em estado puro;Pires Porto e Filhos;Infraestrutura de TI;2024-09-14;2027-01-15;8;Online gravado / EAD;Sim;Gestão / Liderança;ducimus.pdf;
Clara Cardoso;Design UX/UI;calmeida@cardoso.br;ed6cab48-6df3-4bfe-bac3-6974b038f45a;Certificação externa;O conforto de avançar com confiança;Porto Rocha S/A;Segurança da Informação;2024-04-17;;;Híbrido;Sim;Normativo / Regulatórios;cupiditate.pdf;
Maria Eduarda Mendes;Jurídico;da-conceicaoclara@carvalho.br;ece4a5ad-8fd6-43ba-9ec6-c08accb9431a;Treinamento Interno;A liberdade de atingir seus objetivos com toda a tranquilidade;da Luz;Desenvolvimento de Software;2024-03-12;;80;Online gravado / EAD;Não;Cultura e Valores da Empresa;nemo.pdf;
Dr. Isaac Lima;Compliance / Governança;cardosobruno@melo.net;0087d06f-78e5-4706-b8f3-3195ea9819bc;Certificação externa;A liberdade de atingir seus objetivos direto da fonte;Cunha Jesus S/A;Operações Administrativas / Processos;2023-11-24;2025-02-25;4;Online gravado / EAD;Não;Normativo / Regulatórios;animi.pdf;
Raquel Silveira;Marketing;alexandre30@rocha.br;35b8861d-3d72-47c4-866d-ba32971bd6c3;Certificação externa;A arte de atingir seus objetivos em estado puro;Moreira;Saúde / Bem-estar no trabalho;2025-02-26;2026-09-23;8;Presencial;Não;Gestão / Liderança;totam.pdf;
João Pedro Fogaça;Jurídico;igor16@bol.com.br;477d1d76-55d6-42a5-afb3-bf6ffa8129bd;Treinamento Interno;A simplicidade de inovar de maneira eficaz;Mendes;Operações Administrativas / Processos;2024-03-06;2026-11-24;40;Online gravado / EAD;Sim;Cultura e Valores da Empresa;pariatur.pdf;
Isabel Cardoso;Vendas;santosarthur@caldeira.com;7434283b-c7db-4556-9d4e-a352415159a7;Treinamento Interno;O conforto de atingir seus objetivos com confiança;Campos Costa - EI;Compras / Suprimentos;2023-07-27;;8;Híbrido;Sim;Cultura e Valores da Empresa;unde.pdf;Repellat eaque animi nemo numquam.
Yago da Rocha;Compras;vitoria01@da.com;3fd90bc2-9c0f-4684-8856-0e936886e68e;Treinamento Interno;O prazer de evoluir com confiança;Ribeiro;Finanças / Contabilidade;2024-01-25;2025-11-06;;Presencial;Não;Gestão / Liderança;nobis.pdf;
Nicole Lima;Jurídico;levi32@moreira.com;db00ed26-3a9b-48cd-8e43-a96402c5290f;Certificação externa;A arte de realizar seus sonhos mais facilmente;Aragão;Segurança da Informação;2024-06-19;;12;Presencial;Não;Gestão / Liderança;est.pdf;
Paulo Cardoso;Jurídico;maria-clara04@ig.com.br;604b499a-dfa2-4c27-9047-a852f1849263;Treinamento Interno;A arte de realizar seus sonhos com força total;da Mata;Investimentos;2023-06-28;;8;Híbrido;Não;Normativo / Regulatórios;maxime.pdf;
André Aragão;Contabilidade;zlima@oliveira.org;f3ee8265-5cf3-4386-97a4-5986d6e10755;Certificação externa;O direito de avançar simplesmente;Peixoto;Infraestrutura de TI;2023-09-23;;12;Online gravado / EAD;Sim;Técnica / Operacional;cumque.pdf;
Daniel Costa;Compliance / Governança;santosleonardo@uol.com.br;bc81b4fa-35d9-48e6-aef5-2a047ae6f901;Treinamento Interno;O conforto de conseguir de maneira eficaz;Freitas - ME;Segurança da Informação;2023-07-04;;;Presencial;Sim;Normativo / Regulatórios;praesentium.pdf;
Fernando Fernandes;Compras;eloah19@fernandes.com;cd5f3573-e609-4f7c-95ae-9abf686eb43f;Treinamento Interno;A segurança de realizar seus sonhos direto da fonte;Souza Nogueira e Filhos;Desenvolvimento de Software;2025-01-22;2025-09-19;12;Online gravado / EAD;Sim;Técnica / Operacional;autem.pdf;
João Vitor Souza;Design UX/UI;odas-neves@uol.com.br;da6cc56e-fda5-4331-a1f8-da2245ecc966;Certificação externa;A possibilidade de concretizar seus projetos direto da fonte;das Neves - EI;Design / UX e UI;2023-08-27;2025-08-18;40;Online ao vivo;Não;Cultura e Valores da Empresa;nesciunt.pdf;
João Guilherme da Costa;Administrativo;ocorreia@hotmail.com;2f38af88-ca3e-4625-a23b-3cb79e3250b0;Treinamento Interno;A arte de concretizar seus projetos mais facilmente;da Conceição Ltda.;Ciência de Dados / Analytics;2024-07-27;;40;Online ao vivo;Sim;Normativo / Regulatórios;modi.pdf;
Maria Clara Martins;Vendas;sarahpinto@ferreira.org;031efdbd-c27b-4ef2-a86a-775ba9c7f9b5;Treinamento Interno;A segurança de mudar sem preocupação;Nogueira Ramos S/A;Operações Administrativas / Processos;2023-07-28;;8;Presencial;Sim;Cultura e Valores da Empresa;quas.pdf;
Ana Carolina Cavalcanti;Atendimento ao cliente / Suporte;mariane93@cardoso.org;10a357b0-f0e4-41c5-846a-164de8ff8ce4;Treinamento Interno;O poder de realizar seus sonhos de maneira eficaz;Ribeiro da Paz Ltda.;Liderança;2024-01-24;DADO_INVALIDO;4;Online ao vivo;Sim;Normativo / Regulatórios;iste.pdf;
Sr. Breno Castro;Recursos Humanos (RH);fogacacaio@hotmail.com;5e083f3d-5c6a-42d9-8c50-e741a43ce630;Certificação externa;O conforto de conseguir com toda a tranquilidade;Viana Freitas - ME;Desenvolvimento de Software;2024-07-09;;80;Híbrido;Sim;Gestão / Liderança;saepe.pdf;
Luiz Miguel Costela;Vendas;danielda-rocha@hotmail.com;83c33391-285a-40f2-b480-86c044185a29;Treinamento Interno;A liberdade de concretizar seus projetos antes de tudo;Teixeira Peixoto - EI;Comercial / Relacionamentos;2023-11-29;;40;Híbrido;Sim;Técnica / Operacional;eveniet.pdf;
Paulo da Conceição;Design UX/UI;da-motaluana@ig.com.br;0f75a88b-0098-4057-92a1-b8705aad1148;Treinamento Interno;O direito de ganhar mais facilmente;Peixoto S/A;Design / UX e UI;2024-04-25;2026-06-16;8;Online gravado / EAD;Não;Normativo / Regulatórios;vitae.pdf;Dolore corrupti non sequi consequuntur unde.
Emanuelly das Neves;Financeiro;yagogoncalves@uol.com.br;ce37326e-fc81-42be-bb90-4dce447d1053;Treinamento Interno;A segurança de mudar em estado puro;Ribeiro Ltda.;Gestão de Pessoas;2025-03-02;2027-03-21;12;Online gravado / EAD;Não;Técnica / Operacional;deleniti.pdf;Quia eaque quos natus.
Breno Mendes;Vendas;yuri42@teixeira.br;f60f37ca-dcc1-4843-9402-e64073fd80b1;Treinamento Interno;O poder de ganhar com toda a tranquilidade;Moura;Finanças / Contabilidade;2025-01-12;2026-08-15;80;Online ao vivo;Sim;Cultura e Valores da Empresa;debitis.pdf;Reprehenderit aperiam in adipisci veniam illum officiis eos.
Catarina Campos;Atendimento ao cliente / Suporte;msantos@gmail.com;cb23718d-6569-4d61-8bc7-d42cda7b3f5f;Treinamento Interno;A vantagem de realizar seus sonhos com toda a tranquilidade;Pereira;Design / UX e UI;2024-04-26;2026-01-15;8;Online ao vivo;Sim;Técnica / Operacional;sed.pdf;
Lavínia Costela;Atendimento ao cliente / Suporte;samuel44@hotmail.com;9e06d2f4-2924-4da2-917a-c39a74052dbb;Treinamento Interno;O prazer de ganhar mais facilmente;Pinto Melo - EI;Desenvolvimento de Software;2023-11-01;;4;Híbrido;Não;Técnica / Operacional;maiores.pdf;
Otávio Costela;Atendimento ao cliente / Suporte;efreitas@bol.com.br;f5e5cd2b-a39d-42bf-948b-f0cf7e75d15f;Treinamento Interno;A simplicidade de atingir seus objetivos em estado puro;das Neves;Finanças / Contabilidade;2023-10-27;;;Online gravado / EAD;Não;Gestão / Liderança;ipsum.pdf;
Mariane Rodrigues;Marketing;mendesana-julia@pires.com;f4006814-e9d2-4dee-9d52-314f83eeb6ef;Treinamento Interno;A arte de avançar sem preocupação;Gomes;Automação de Processos / Arquitetura de Soluções;2023-12-03;2025-01-16;8;Presencial;Sim;Técnica / Operacional;eum.pdf;Laborum eos maiores nobis.
